知了·IT,《知了》专题大到包罗IT业及互联网的大情小态，小到收罗便利的工具和应用...,2837,60.0K

小说的各种小说,感性和理性的事儿也很有意思。如果人们不在一个波段频率上，就不可避免地要...,39827,42.3K

每天写500字,喧嚣时代，如何才能安静码字。一起启航，自律写作训练营开启，加入请加...,112914,26.2K

你才不知道那些故事有多好听,故事，真的假的不重要，温暖的搞笑的惊悚的也都不重要，重要的是，爱看故事...,618,42.9K

简书电影院,每周五我们在简书会议室放电影，欢迎将与电影有关的文章投稿到此专题，作为...,73834,55.9K

我也爱写小说,每个写小说的孩纸都是多了一副翼的天使,43570,25.0K

简书市集,"出售各种酷炫的东西，快来关注吧



商业合作请邮件：contact@...",56,44.2K

成为更优秀的姑娘，过更美好的一生,专辑暂时停止收稿，改为找稿制，择良日重新再收。,3134,43.9K

读书笔记,"1.记录那些读书后的文字

2.建议投稿书友在标题或文章前面有标注/提...",1044,50.2K

爱情那点事儿,过去的爱情，现在的爱情，未来的爱情，都值得我们去记录,3347,32.9K

0岁的产品经理,"这是刚入门产品经理们的聚集地，欢迎大家投稿或者找我聊产品
服务过的公司...",9573,32.5K

互联网科技,"关注互联网、科技。

------------------------...",37683,37.7K

读书笔记,"读书的心得与思考



本专题将关闭投稿通道：http://www.j...",3304,44.2K

花非花诗集,"公告：野草诗会，简诗，花非花诗集，是极光视界旗下的一个诗会。



极...",82584,19.0K

投资理财,"**简书-投资理财   ①号群正式招募

**申请加入微信群请加个...",21739,35.0K

早点读到就好了,"If you're too old to change, don't ...",31,29.0K

有趣的历史小段子,只要有新意的原创稿，即写出没人写过的历史的稿。先秦、两汉、三国的，还有...,956,46.4K

iOS Developer,分享 iOS 开发的知识，解决大家遇到的问题，讨论iOS开发的前沿，欢...,26062,36.1K

生活着,"平凡生活中的点滴，比较倾向于原创文章，读后多少能给大家些启发或考虑。
...",1114,19.3K

产品汪的不归路,重点关注：产品经理基础知识，实用产品方法论，工作中的实际项目经验。帮助...,611,32.0K

如何优雅,"思考如何优雅的生活，嬉笑怒骂皆可以。

这是简书最优雅的专题。",64,59.2K

诗,诗专题关闭投稿，开放时间不定。,728678,2603.7K

【电影截图】这句台词戳中我,那些值得记下的台词,19,43.4K

谈谈情，说说爱,柏拉图说每个恋爱中的人都是诗人，这里并不要求你一定要写得诗情画意，态度...,79411,1168.0K

我的大学,"最近在知乎比较活跃，欢迎关注tuionf
【简介】
一场大学一场梦，作...",42116,27.7K

我们的小说,每个人心中都有一部自己的小说！,6902,8.0K

那些鼓舞青春的文章,"人情冷暖、世态炎凉，记得用右手温暖左手。

欢迎大家踊跃投稿。",43758,20.7K

读图时代,"本专题暂停收稿。



用图片描述世界，表达世界。



投稿须知：本...",3135,319.9K

产品之光,从0到1，折腾产品；从1到X，操盘产品,3466,8.1K

知识管理,个人知识管理,29,15.5K

睡在诗歌里,让我们在诗歌里安眠，在诗歌中醒来。,43118,9.2K

交互设计与用户体验,用户导向设计、交互设计与用户体验的平衡。,935,22.5K

社交媒体营销,"与社交媒体营销、创意、传播相关。

— 技巧干货 ·  案例分析 ·实...",219,15.9K

图片故事,"一张照片，一个故事，不讲大道理，简单的记录生活就够了。

投稿注意：光...",727,24.3K

简书上的产品经理文章大全,看看别人在思考什么，每天更新。,849,7.9K

文学,关于文学你一定有说不完的话。欢迎订阅最文艺公共号Yummy202002...,678,13.4K

PMbook,产品经理的读书笔记,2586,13.0K

摄影技巧,"【您可以看到什么？】
单反、微单摄影技巧、摄影知识等。

摄影是一门...",3904,35.7K

"写作方法,写作技巧","谈谈你为什么要写作?写作的方法和技巧,如何提高.如何写作才能提问阅读量.",42,14.6K

形象篇,这是个看脸的世界,788,25.1K

小文艺爱情青春,林花谢了春红，太匆匆，无奈朝来寒雨晚来风。胭脂泪，相留醉，几时重? 自...,19400,8.9K

闲话武侠,带给你不一样的脑洞大开的武侠世界。,1200,8.6K

静静写读书笔记,书是作者的，笔记却是自己的。文字是作者的，思想却是自己的。书不在多，而...,2751,15.2K

拿下英语,心无旁骛只学英语,274,22.3K

干货,欢迎投稿 将实用的知识共享,1648,25.3K

理财投资,你不理财，财不理你,12733,6.8K

简诗歌,专门收纳简短精悍的诗歌。,665,2.0K

『闲话电影』,"影人故事，感人台词，小众推荐，大片吐槽；

我和这个世界有过情人般的争...",31789,11.6K

千字文,一千万个理想主义作者的一千字历程。,355,4.1K

诗友会,这里不通往任何地方。,94354,10.3K

学点金融,每个人都应该懂一点点金融知识，请关注【学点金融】,449,16.8K

iOS 开发,"【最新投稿方式】

 注意：

 为了保证专题文章的质量，暂时关闭投稿...",7098,10.5K

面了个试,大街网的简书专题之一：简姑娘只说，关于面试这点简单的小事儿！,199,8.6K

文学与美食,"当文学与美食结合，无尽的想象力便是它的灵魂！



这是一个与想象力有...",9349,7.2K

这篇文章的评论好厉害！,"请勿投稿零评论文章！

请勿投稿零评论文章！



因为很重要，所以要...",673,12.1K

一人一故事,每个人都是一个故事，或平淡或精彩，讲个故事，从身边的人开始。,1588,8.3K

iOS  开发随笔,"鉴于好多人都来投稿，但是又不忍心拒绝，我说下我收录的标准：



1、...",245,10.2K

健身搞肌,"各种健身、练肌肉、减脂的方法和励志文章,以及相关的器材介绍！",1847,21.7K

产品面面观,"各种关于各种产品的各种角度的看法。

从设计到吐槽，从追捧到海扁。

...",2032,6.1K

快速入门iOS,iOS，Swift，OC，架构,356,5.2K

做喜欢的事，过想要的生活，爱自己,生活，工作，感悟，学习，旅游，文艺，小说，诗歌，绘画，摄影，凡事自己喜...,15405,8.8K

高效率工具搜罗,"搜集那些能提高效率的工具。

同名公众号：gongju006（是零零，...",191,18.3K

文学共济会,从文学评论或者普通读者的角度评论读过的小说或其他文学题材，如电影，也欢...,1661,5.0K

自然科普,自然科普专题收录与推荐标准请参考: https://www.jians...,9246,1902.4K

美食家,舌尖上的吃货。,233,5.8K

Quora与精彩翻译,翻译Quora上的精彩问答，同时还有更多精彩诗文哟。,7,4.7K

推书试读,专门收录各类书籍的阅读笔记，为您推荐好看的书籍。,96,5.5K

Linux学习|Gentoo/Arch/FreeBSD,Gentoo Linux学习记录！Linux、FreeBSD技术分享。...,1656,8.4K

移动设计,移动产品设计,639,16.9K

以梦为马,"和所有以梦为马的诗人一样 

我借此火得度一生的茫茫黑夜



《梦马...",255,5.8K

心理,"发乎于心，言之在理。

本专题仅收录主题与心理学知识、心理健康与内在成...",45485,1593.3K

IT•产品,本专题只接受创业•产品•创意•IT干货相关的高质量原创文章以及第一手的...,367,6.4K

印象笔记 Evernote,交流印象笔记Evernote使用方法和技巧，最新活动、粉丝故事、问题汇...,761,11.1K

健康&养生,"人生不过三万天，成功失败均坦然，是非恩怨莫在意，健康快乐最值钱！

投...",42805,709.2K

大学攻略：告诉你真相,"同名电子书已出第二版,详细参见：http://yuedu.baidu....",362,8.6K

技术文,干货技术文。,2449,4.5K

写给大学生的信,当你在为一种选择倍受煎熬，倍感逼迫时，如若改换一下思路，往往会有“柳暗...,891,4.9K

Swift,Swift语言开发笔记,136,3.8K

郭志敏的程序员书屋,程序员的最佳技术书推荐，技术书书讯，欢迎大家投搞给程序员书屋。联系小编...,682,10.7K

GitHub上有趣的资源,"主题是Github上有趣的资源。



当然写Github周边也可以～...",646,23.0K

工具& 方法,用于提高各种效率的工具和方法搜集,87,35.7K

就爱看连载,嗯，我爱看的连载，都在这里了。,27830,6.9K

有趣,做有趣的人，做有趣的事，遇上有趣的事，认识有趣的人。,113,2.8K
人人都恨心理学,心理学,29,6.5K
历史有意思,各类历史知识或评论，欢迎投稿！尤其欢迎艺术史、音乐史、科技史、电影史等...,15069,22.0K
凡人日记,每日一记，,25299,3.1K
生活美学,生活有千万种方式，但是美好生活仅有一个内在逻辑，一颗平静的心。欢迎投稿...,1383,13.9K
产品体验报告,优质APP分析体验报告，记录&学习。,943,13.2K
每日段子狗,"简书第一订阅量的幽默段子专辑！欢迎投稿。

【推荐】迎刃《个人魅力...",1197,14.5K
野草诗会,"公告：野草诗会原有公众号【极光世界】正式更名为【息壤者】。

【息壤...",133942,15.7K
知识是管出来的,知识管理专题,118,8.6K
Pythoner集中营,"Pythoner的集中营, 收集关于Python的各种知识教程.
...",1115,30.5K
